fold	accuracy
1	0.7109677419354838
2	0.7161290322580646
3	0.7187096774193549
4	0.7006451612903226
5	0.712258064516129
