fold	accuracy
1	0.7393548387096774
2	0.76
3	0.7406451612903225
4	0.7419354838709677
5	0.7445161290322581
