fold	accuracy
1	0.7677419354838709
2	0.7819354838709678
3	0.775483870967742
4	0.7548387096774194
5	0.7509677419354839
