fold	accuracy
1	0.8936737804878049
2	0.8647103658536586
3	0.8904344512195121
4	0.8923399390243902
5	0.8837430912902611
