fold	accuracy
1	0.8797637195121951
2	0.8685213414634146
3	0.8769054878048781
4	0.8803353658536586
5	0.8724985706117782
