fold	accuracy
1	0.925764192139738
2	0.9301310043668122
3	0.9035087719298246
4	0.8991228070175439
5	0.8903508771929824
