fold	accuracy
1	0.9283276450511946
2	0.9488054607508533
3	0.9146757679180887
4	0.9385665529010239
5	0.9486301369863014
