fold	accuracy
1	0.9044368600682594
2	0.9351535836177475
3	0.9078498293515358
4	0.9146757679180887
5	0.934931506849315
