fold	accuracy
1	0.9044368600682594
2	0.9522184300341296
3	0.9044368600682594
4	0.9283276450511946
5	0.9315068493150684
