fold	accuracy
1	0.8967225609756098
2	0.8803353658536586
3	0.897484756097561
4	0.8988185975609756
5	0.8799313893653516
