fold	accuracy
1	0.8963414634146342
2	0.875952743902439
3	0.8936737804878049
4	0.899390243902439
5	0.8915570802363255
