fold	accuracy
1	0.8709984756097561
2	0.8530868902439024
3	0.8677591463414634
4	0.872141768292683
5	0.8683056984943778
