fold	accuracy
1	0.8995633187772926
2	0.8951965065502183
3	0.9078947368421053
4	0.9078947368421053
5	0.9035087719298246
