fold	accuracy
1	0.9213973799126638
2	0.9606986899563319
3	0.9078947368421053
4	0.9122807017543859
5	0.9078947368421053
